Item_Number,Norming,Mean_Amplitude
1.0,97.0,0.6008159130667877
2.0,100.0,-0.30196971653574295
3.0,100.0,0.4644125574126603
4.0,93.0,-1.0010220877985612
5.0,93.0,-0.46365263867994727
6.0,100.0,0.4317522873838141
7.0,80.0,-0.5839210298127498
8.0,97.0,-0.3018707357093349
9.0,93.0,-0.4707548038389155
10.0,80.0,-0.22667331707911648
11.0,87.0,-0.13659440101726905
12.0,100.0,0.1709793479513221
13.0,97.0,-0.22268052337469732
14.0,90.0,-0.9867184368753027
15.0,90.0,-0.526187462306772
16.0,93.0,-0.3247948760431727
17.0,62.0,0.44264339379389156
18.0,87.0,0.4830879668266908
19.0,100.0,-0.5775939690281126
20.0,90.0,0.04181759759768742
21.0,77.0,0.1417074514484127
22.0,53.0,-0.0987513815932914
23.0,93.0,0.7670435275803393
24.0,93.0,-0.5248284548420543
25.0,97.0,-0.08978197501506024
26.0,87.0,0.08762351712303924
27.0,97.0,-0.7852508545959264
28.0,27.0,-1.2026282411579456
29.0,90.0,0.20833614798774508
30.0,90.0,-0.05959172430735293
31.0,77.0,-0.7355511670542169
32.0,80.0,0.8450102422248486
33.0,53.0,-0.578280378520459
34.0,97.0,0.0070221417172619096
35.0,97.0,0.24829103132318878
36.0,77.0,-0.2270546783909884
37.0,80.0,0.42106160840062107
38.0,93.0,-0.26696108900049603
39.0,97.0,1.1151586131330227
40.0,93.0,-0.477152443707115
41.0,100.0,-3.916357675
